-- Fake data for USER 
insert into "USER" ("user_id", "fullName", "jNumber", "email", "role", "userName", "password") values (1, 'Marcos Jeynes', 943981, 'mjeynes0@symantec.com', 'mentor', 'mjeynes0', 'KfkDrrhXHv');
insert into "USER" ("user_id", "fullName", "jNumber", "email", "role", "userName", "password") values (2, 'Nikaniki Statton', 913135, 'nstatton1@themeforest.net', 'mentor', 'nstatton1', '1cUz88CHmUBn');
insert into "USER" ("user_id", "fullName", "jNumber", "email", "role", "userName", "password") values (3, 'Veronique Simao', 930032, 'vsimao2@seattletimes.com', 'mentor', 'vsimao2', 'Hnvwb2');
insert into "USER" ("user_id", "fullName", "jNumber", "email", "role", "userName", "password") values (4, 'Gasper Kayser', 953238, 'gkayser3@sina.com.cn', 'tutor', 'gkayser3', 'Udj6yVF');
insert into "USER" ("user_id", "fullName", "jNumber", "email", "role", "userName", "password") values (5, 'Jessica Schnitter', 964791, 'jschnitter4@51.la', 'tutor', 'jschnitter4', '8z4ta2S');
insert into "USER" ("user_id", "fullName", "jNumber", "email", "role", "userName", "password") values (6, 'Dalila Provost', 956469, 'dprovost5@wisc.edu', 'student', 'dprovost5', 'QyFOTaw3vtuq');
insert into "USER" ("user_id", "fullName", "jNumber", "email", "role", "userName", "password") values (7, 'Paquito Haversham', 816450, 'phaversham6@thetimes.co.uk', 'tutor', 'phaversham6', '40ymSfRnST0X');
insert into "USER" ("user_id", "fullName", "jNumber", "email", "role", "userName", "password") values (8, 'Ange Honacker', 986839, 'ahonacker7@loc.gov', 'mentor', 'ahonacker7', 'BcECfy9YNL');
insert into "USER" ("user_id", "fullName", "jNumber", "email", "role", "userName", "password") values (9, 'Verile Andrioletti', 888057, 'vandrioletti8@rakuten.co.jp', 'student', 'vandrioletti8', '1yOxJ6rqkg3');
insert into "USER" ("user_id", "fullName", "jNumber", "email", "role", "userName", "password") values (10, 'Sioux Statter', 840293, 'sstatter9@sciencedaily.com', 'student', 'sstatter9', '8XmI0L9e');
insert into "USER" ("user_id", "fullName", "jNumber", "email", "role", "userName", "password") values (11, 'Millisent Dickon', 854141, 'mdickona@addtoany.com', 'mentor', 'mdickona', 'QLfGHMf');
insert into "USER" ("user_id", "fullName", "jNumber", "email", "role", "userName", "password") values (12, 'Shina Shorto', 943609, 'sshortob@state.gov', 'tutor', 'sshortob', 'XtZQAal');
insert into "USER" ("user_id", "fullName", "jNumber", "email", "role", "userName", "password") values (13, 'Ginevra Geldeford', 870375, 'ggeldefordc@com.com', 'student', 'ggeldefordc', 'p0rg0gM');
insert into "USER" ("user_id", "fullName", "jNumber", "email", "role", "userName", "password") values (14, 'Shaine MacLice', 911800, 'smacliced@barnesandnoble.com', 'mentor', 'smacliced', 'CmYlicAx');
insert into "USER" ("user_id", "fullName", "jNumber", "email", "role", "userName", "password") values (15, 'Goddart Kiln', 918546, 'gkilne@unesco.org', 'student', 'gkilne', 'l48TGetJzU');
insert into "USER" ("user_id", "fullName", "jNumber", "email", "role", "userName", "password") values (16, 'Hagan Date', 942099, 'hdatef@home.pl', 'mentor', 'hdatef', 'DGVFSFl4P');
insert into "USER" ("user_id", "fullName", "jNumber", "email", "role", "userName", "password") values (17, 'Haley Dourin', 800565, 'hdouring@princeton.edu', 'student', 'hdouring', 'wXgpmsHW0');
insert into "USER" ("user_id", "fullName", "jNumber", "email", "role", "userName", "password") values (18, 'Lizette Maylott', 972823, 'lmaylotth@scientificamerican.com', 'tutor', 'lmaylotth', 'pAvZe4cv');
insert into "USER" ("user_id", "fullName", "jNumber", "email", "role", "userName", "password") values (19, 'Ellie Snartt', 815735, 'esnartti@nbcnews.com', 'student', 'esnartti', 'qwc3XmbiIE');
insert into "USER" ("user_id", "fullName", "jNumber", "email", "role", "userName", "password") values (20, 'Paul Tollerton', 954007, 'ptollertonj@ehow.com', 'student', 'ptollertonj', 'lg66ME4q');
insert into "USER" ("user_id", "fullName", "jNumber", "email", "role", "userName", "password") values (21, 'Robyn Redparth', 987970, 'rredparthk@si.edu', 'mentor', 'rredparthk', '62iiGmAP');
insert into "USER" ("user_id", "fullName", "jNumber", "email", "role", "userName", "password") values (22, 'Jorie Garretson', 976868, 'jgarretsonl@cnet.com', 'mentor', 'jgarretsonl', 'SqoE14gfIcc6');
insert into "USER" ("user_id", "fullName", "jNumber", "email", "role", "userName", "password") values (23, 'Selena Scotchmur', 902653, 'sscotchmurm@mashable.com', 'mentor', 'sscotchmurm', 'VPpzq8K');
insert into "USER" ("user_id", "fullName", "jNumber", "email", "role", "userName", "password") values (24, 'Wilden Lynagh', 919037, 'wlynaghn@ftc.gov', 'student', 'wlynaghn', 'ZmMNWc9p');
insert into "USER" ("user_id", "fullName", "jNumber", "email", "role", "userName", "password") values (25, 'Clarice Wingatt', 838343, 'cwingatto@army.mil', 'student', 'cwingatto', 'NhNt51FDEJB');


-- Fake data for STUDENT 
insert into "STUDENT" ("student_id", "user_id") values (1, 24);
insert into "STUDENT" ("student_id", "user_id") values (2, 4);
insert into "STUDENT" ("student_id", "user_id") values (3, 9);
insert into "STUDENT" ("student_id", "user_id") values (4, 18);
insert into "STUDENT" ("student_id", "user_id") values (5, 19);
insert into "STUDENT" ("student_id", "user_id") values (6, 2);
insert into "STUDENT" ("student_id", "user_id") values (7, 8);
insert into "STUDENT" ("student_id", "user_id") values (8, 18);
insert into "STUDENT" ("student_id", "user_id") values (9, 15);
insert into "STUDENT" ("student_id", "user_id") values (10, 13);
insert into "STUDENT" ("student_id", "user_id") values (11, 18);
insert into "STUDENT" ("student_id", "user_id") values (12, 11);
insert into "STUDENT" ("student_id", "user_id") values (13, 15);
insert into "STUDENT" ("student_id", "user_id") values (14, 3);
insert into "STUDENT" ("student_id", "user_id") values (15, 15);
insert into "STUDENT" ("student_id", "user_id") values (16, 12);
insert into "STUDENT" ("student_id", "user_id") values (17, 13);
insert into "STUDENT" ("student_id", "user_id") values (18, 7);
insert into "STUDENT" ("student_id", "user_id") values (19, 5);
insert into "STUDENT" ("student_id", "user_id") values (20, 12);
insert into "STUDENT" ("student_id", "user_id") values (21, 15);
insert into "STUDENT" ("student_id", "user_id") values (22, 22);
insert into "STUDENT" ("student_id", "user_id") values (23, 3);
insert into "STUDENT" ("student_id", "user_id") values (24, 23);
insert into "STUDENT" ("student_id", "user_id") values (25, 20);


-- Fake data for MENTOR
insert into "MENTOR" ("mentor_id", "user_id", "courses") values (1, 6, 'Sociology of Autism, Preclassic Maya');
insert into "MENTOR" ("mentor_id", "user_id", "courses") values (2, 22, 'Feminist Philosophy, Sports Medicine');
insert into "MENTOR" ("mentor_id", "user_id", "courses") values (3, 9, 'Pathology, Acoustics');
insert into "MENTOR" ("mentor_id", "user_id", "courses") values (4, 12, 'Feminist Anthropology, Philosophy of Engineering');
insert into "MENTOR" ("mentor_id", "user_id", "courses") values (5, 8, 'Neuropsychology, Clinical Immunology');
insert into "MENTOR" ("mentor_id", "user_id", "courses") values (6, 22, 'Word Usage, Decorative Arts');
insert into "MENTOR" ("mentor_id", "user_id", "courses") values (7, 14, 'Sociology of Autism, Preclassic Maya');
insert into "MENTOR" ("mentor_id", "user_id", "courses") values (8, 12, 'Sociology of Autism, Preclassic Maya');
insert into "MENTOR" ("mentor_id", "user_id", "courses") values (9, 13, 'Combinatorial Mathematics, New Media Journalism');
insert into "MENTOR" ("mentor_id", "user_id", "courses") values (10, 3, 'Archaeology of Israel, Sociology of Leisure');
insert into "MENTOR" ("mentor_id", "user_id", "courses") values (11, 21, 'Neuropsychology, Clinical Immunology');
insert into "MENTOR" ("mentor_id", "user_id", "courses") values (12, 13, 'Neuropsychology, Clinical Immunology');
insert into "MENTOR" ("mentor_id", "user_id", "courses") values (13, 17, 'Peace and Conflict Studies, Robotics');
insert into "MENTOR" ("mentor_id", "user_id", "courses") values (14, 21, 'Phytochemistry, Word Usage');
insert into "MENTOR" ("mentor_id", "user_id", "courses") values (15, 21, 'Combinatorial Mathematics, New Media Journalism');
insert into "MENTOR" ("mentor_id", "user_id", "courses") values (16, 22, 'Combinatorial Mathematics, New Media Journalism');
insert into "MENTOR" ("mentor_id", "user_id", "courses") values (17, 18, 'Archaeology of Israel, Sociology of Leisure');
insert into "MENTOR" ("mentor_id", "user_id", "courses") values (18, 5, 'Phytochemistry, Word Usage');
insert into "MENTOR" ("mentor_id", "user_id", "courses") values (19, 2, 'Marketing Geography, Medical Sociology');
insert into "MENTOR" ("mentor_id", "user_id", "courses") values (20, 24, 'Archaeology of Israel, Sociology of Leisure');



-- Fake Data for SIGNIN
insert into "SIGNIN" ("signin_id", "user_id", "userName", "password") values (1, 20, 'splacstonej', 'mrwKl9');
insert into "SIGNIN" ("signin_id", "user_id", "userName", "password") values (2, 16, 'ccardewf', '9ugI2ArV');
insert into "SIGNIN" ("signin_id", "user_id", "userName", "password") values (3, 5, 'ldonald4', 'jxBcRCol');
insert into "SIGNIN" ("signin_id", "user_id", "userName", "password") values (4, 12, 'bgantzmanb', 'xAawDXbt7');
insert into "SIGNIN" ("signin_id", "user_id", "userName", "password") values (5, 4, 'hduthie3', 'wRTWPxyHftQY');
insert into "SIGNIN" ("signin_id", "user_id", "userName", "password") values (6, 16, 'ccardewf', '9ugI2ArV');
insert into "SIGNIN" ("signin_id", "user_id", "userName", "password") values (7, 15, 'kfratsone', 'Ro3JcQu8W');
insert into "SIGNIN" ("signin_id", "user_id", "userName", "password") values (8, 12, 'bgantzmanb', 'xAawDXbt7');
insert into "SIGNIN" ("signin_id", "user_id", "userName", "password") values (9, 22, 'jelphinstonl', 'sMMbeC');
insert into "SIGNIN" ("signin_id", "user_id", "userName", "password") values (10, 20, 'splacstonej', 'mrwKl9');
insert into "SIGNIN" ("signin_id", "user_id", "userName", "password") values (11, 21, 'eakehurstk', 'sFogLvLhqc');
insert into "SIGNIN" ("signin_id", "user_id", "userName", "password") values (12, 6, 'avarndall5', 'szCWfQ');
insert into "SIGNIN" ("signin_id", "user_id", "userName", "password") values (13, 9, 'bshepley8', 'WLil6o3m');
insert into "SIGNIN" ("signin_id", "user_id", "userName", "password") values (14, 24, 'kvassayn', 'tYa0GzRCN36I');
insert into "SIGNIN" ("signin_id", "user_id", "userName", "password") values (15, 18, 'dibotsonh', 'usIuIo');
insert into "SIGNIN" ("signin_id", "user_id", "userName", "password") values (16, 3, 'abromige2', 'bnvWGi438');
insert into "SIGNIN" ("signin_id", "user_id", "userName", "password") values (17, 20, 'splacstonej', 'mrwKl9');
insert into "SIGNIN" ("signin_id", "user_id", "userName", "password") values (18, 3, 'abromige2', 'bnvWGi438');
insert into "SIGNIN" ("signin_id", "user_id", "userName", "password") values (19, 7, 'ktrowler6', 'SXMoPGw0YO1X');
insert into "SIGNIN" ("signin_id", "user_id", "userName", "password") values (20, 25, 'ccapplemano', '8gObZpiEaMg');
insert into "SIGNIN" ("signin_id", "user_id", "userName", "password") values (21, 12, 'bgantzmanb', 'xAawDXbt7');
insert into "SIGNIN" ("signin_id", "user_id", "userName", "password") values (22, 24, 'kvassayn', 'tYa0GzRCN36I');
insert into "SIGNIN" ("signin_id", "user_id", "userName", "password") values (23, 18, 'dibotsonh', 'usIuIo');
insert into "SIGNIN" ("signin_id", "user_id", "userName", "password") values (24, 4, 'hduthie3', 'wRTWPxyHftQY');
insert into "SIGNIN" ("signin_id", "user_id", "userName", "password") values (25, 10, 'arawdall9', 'BfFQoxBcx');
insert into "SIGNIN" ("signin_id", "user_id", "userName", "password") values (26, 16, 'ccardewf', '9ugI2ArV');
insert into "SIGNIN" ("signin_id", "user_id", "userName", "password") values (27, 22, 'jelphinstonl', 'sMMbeC');
insert into "SIGNIN" ("signin_id", "user_id", "userName", "password") values (28, 7, 'ktrowler6', 'SXMoPGw0YO1X');
insert into "SIGNIN" ("signin_id", "user_id", "userName", "password") values (29, 9, 'bshepley8', 'WLil6o3m');
insert into "SIGNIN" ("signin_id", "user_id", "userName", "password") values (30, 13, 'ssprulesc', 'SxwNgRoJXeJm');
insert into "SIGNIN" ("signin_id", "user_id", "userName", "password") values (31, 5, 'ldonald4', 'jxBcRCol');
insert into "SIGNIN" ("signin_id", "user_id", "userName", "password") values (32, 9, 'bshepley8', 'WLil6o3m');
insert into "SIGNIN" ("signin_id", "user_id", "userName", "password") values (33, 24, 'kvassayn', 'tYa0GzRCN36I');
insert into "SIGNIN" ("signin_id", "user_id", "userName", "password") values (34, 8, 'msurr7', 'LOJ7hNP');
insert into "SIGNIN" ("signin_id", "user_id", "userName", "password") values (35, 17, 'agrigorg', 'd7iVx5tAEvK');
insert into "SIGNIN" ("signin_id", "user_id", "userName", "password") values (36, 16, 'ccardewf', '9ugI2ArV');
insert into "SIGNIN" ("signin_id", "user_id", "userName", "password") values (37, 17, 'agrigorg', 'd7iVx5tAEvK');
insert into "SIGNIN" ("signin_id", "user_id", "userName", "password") values (38, 2, 'hscutts1', '9gAiOcJWA');
insert into "SIGNIN" ("signin_id", "user_id", "userName", "password") values (39, 4, 'hduthie3', 'wRTWPxyHftQY');
insert into "SIGNIN" ("signin_id", "user_id", "userName", "password") values (40, 21, 'eakehurstk', 'sFogLvLhqc');
insert into "SIGNIN" ("signin_id", "user_id", "userName", "password") values (41, 22, 'jelphinstonl', 'sMMbeC');
insert into "SIGNIN" ("signin_id", "user_id", "userName", "password") values (42, 5, 'ldonald4', 'jxBcRCol');
insert into "SIGNIN" ("signin_id", "user_id", "userName", "password") values (43, 20, 'splacstonej', 'mrwKl9');
insert into "SIGNIN" ("signin_id", "user_id", "userName", "password") values (44, 11, 'mmilsteada', 'Y8gt44');
insert into "SIGNIN" ("signin_id", "user_id", "userName", "password") values (45, 3, 'abromige2', 'bnvWGi438');
insert into "SIGNIN" ("signin_id", "user_id", "userName", "password") values (46, 4, 'hduthie3', 'wRTWPxyHftQY');
insert into "SIGNIN" ("signin_id", "user_id", "userName", "password") values (47, 14, 'glippettd', 'qUEQUiq8drn');
insert into "SIGNIN" ("signin_id", "user_id", "userName", "password") values (48, 24, 'kvassayn', 'tYa0GzRCN36I');
insert into "SIGNIN" ("signin_id", "user_id", "userName", "password") values (49, 24, 'kvassayn', 'tYa0GzRCN36I');
insert into "SIGNIN" ("signin_id", "user_id", "userName", "password") values (50, 6, 'avarndall5', 'szCWfQ');
insert into "SIGNIN" ("signin_id", "user_id", "userName", "password") values (51, 17, 'agrigorg', 'd7iVx5tAEvK');
insert into "SIGNIN" ("signin_id", "user_id", "userName", "password") values (52, 18, 'dibotsonh', 'usIuIo');
insert into "SIGNIN" ("signin_id", "user_id", "userName", "password") values (53, 23, 'estegerm', 'OUUWhS');
insert into "SIGNIN" ("signin_id", "user_id", "userName", "password") values (54, 11, 'mmilsteada', 'Y8gt44');
insert into "SIGNIN" ("signin_id", "user_id", "userName", "password") values (55, 18, 'dibotsonh', 'usIuIo');
insert into "SIGNIN" ("signin_id", "user_id", "userName", "password") values (56, 12, 'bgantzmanb', 'xAawDXbt7');
insert into "SIGNIN" ("signin_id", "user_id", "userName", "password") values (57, 12, 'bgantzmanb', 'xAawDXbt7');
insert into "SIGNIN" ("signin_id", "user_id", "userName", "password") values (58, 5, 'ldonald4', 'jxBcRCol');
insert into "SIGNIN" ("signin_id", "user_id", "userName", "password") values (59, 3, 'abromige2', 'bnvWGi438');
insert into "SIGNIN" ("signin_id", "user_id", "userName", "password") values (60, 2, 'hscutts1', '9gAiOcJWA');
insert into "SIGNIN" ("signin_id", "user_id", "userName", "password") values (61, 8, 'msurr7', 'LOJ7hNP');
insert into "SIGNIN" ("signin_id", "user_id", "userName", "password") values (62, 22, 'jelphinstonl', 'sMMbeC');
insert into "SIGNIN" ("signin_id", "user_id", "userName", "password") values (63, 5, 'ldonald4', 'jxBcRCol');
insert into "SIGNIN" ("signin_id", "user_id", "userName", "password") values (64, 9, 'bshepley8', 'WLil6o3m');
insert into "SIGNIN" ("signin_id", "user_id", "userName", "password") values (65, 22, 'jelphinstonl', 'sMMbeC');
insert into "SIGNIN" ("signin_id", "user_id", "userName", "password") values (66, 20, 'splacstonej', 'mrwKl9');
insert into "SIGNIN" ("signin_id", "user_id", "userName", "password") values (67, 23, 'estegerm', 'OUUWhS');
insert into "SIGNIN" ("signin_id", "user_id", "userName", "password") values (68, 10, 'arawdall9', 'BfFQoxBcx');
insert into "SIGNIN" ("signin_id", "user_id", "userName", "password") values (69, 21, 'eakehurstk', 'sFogLvLhqc');
insert into "SIGNIN" ("signin_id", "user_id", "userName", "password") values (70, 6, 'avarndall5', 'szCWfQ');
insert into "SIGNIN" ("signin_id", "user_id", "userName", "password") values (71, 16, 'ccardewf', '9ugI2ArV');
insert into "SIGNIN" ("signin_id", "user_id", "userName", "password") values (72, 2, 'hscutts1', '9gAiOcJWA');
insert into "SIGNIN" ("signin_id", "user_id", "userName", "password") values (73, 12, 'bgantzmanb', 'xAawDXbt7');
insert into "SIGNIN" ("signin_id", "user_id", "userName", "password") values (74, 6, 'avarndall5', 'szCWfQ');
insert into "SIGNIN" ("signin_id", "user_id", "userName", "password") values (75, 12, 'bgantzmanb', 'xAawDXbt7');
insert into "SIGNIN" ("signin_id", "user_id", "userName", "password") values (76, 3, 'abromige2', 'bnvWGi438');
insert into "SIGNIN" ("signin_id", "user_id", "userName", "password") values (77, 8, 'msurr7', 'LOJ7hNP');
insert into "SIGNIN" ("signin_id", "user_id", "userName", "password") values (78, 18, 'dibotsonh', 'usIuIo');
insert into "SIGNIN" ("signin_id", "user_id", "userName", "password") values (79, 13, 'ssprulesc', 'SxwNgRoJXeJm');
insert into "SIGNIN" ("signin_id", "user_id", "userName", "password") values (80, 9, 'bshepley8', 'WLil6o3m');
insert into "SIGNIN" ("signin_id", "user_id", "userName", "password") values (81, 18, 'dibotsonh', 'usIuIo');
insert into "SIGNIN" ("signin_id", "user_id", "userName", "password") values (82, 3, 'abromige2', 'bnvWGi438');
insert into "SIGNIN" ("signin_id", "user_id", "userName", "password") values (83, 23, 'estegerm', 'OUUWhS');
insert into "SIGNIN" ("signin_id", "user_id", "userName", "password") values (84, 21, 'eakehurstk', 'sFogLvLhqc');
insert into "SIGNIN" ("signin_id", "user_id", "userName", "password") values (85, 4, 'hduthie3', 'wRTWPxyHftQY');
insert into "SIGNIN" ("signin_id", "user_id", "userName", "password") values (86, 10, 'arawdall9', 'BfFQoxBcx');
insert into "SIGNIN" ("signin_id", "user_id", "userName", "password") values (87, 22, 'jelphinstonl', 'sMMbeC');
insert into "SIGNIN" ("signin_id", "user_id", "userName", "password") values (88, 14, 'glippettd', 'qUEQUiq8drn');
insert into "SIGNIN" ("signin_id", "user_id", "userName", "password") values (89, 12, 'bgantzmanb', 'xAawDXbt7');
insert into "SIGNIN" ("signin_id", "user_id", "userName", "password") values (90, 8, 'msurr7', 'LOJ7hNP');
insert into "SIGNIN" ("signin_id", "user_id", "userName", "password") values (91, 20, 'splacstonej', 'mrwKl9');
insert into "SIGNIN" ("signin_id", "user_id", "userName", "password") values (92, 18, 'dibotsonh', 'usIuIo');
insert into "SIGNIN" ("signin_id", "user_id", "userName", "password") values (93, 23, 'estegerm', 'OUUWhS');
insert into "SIGNIN" ("signin_id", "user_id", "userName", "password") values (94, 5, 'ldonald4', 'jxBcRCol');
insert into "SIGNIN" ("signin_id", "user_id", "userName", "password") values (95, 10, 'arawdall9', 'BfFQoxBcx');
insert into "SIGNIN" ("signin_id", "user_id", "userName", "password") values (96, 13, 'ssprulesc', 'SxwNgRoJXeJm');
insert into "SIGNIN" ("signin_id", "user_id", "userName", "password") values (97, 17, 'agrigorg', 'd7iVx5tAEvK');
insert into "SIGNIN" ("signin_id", "user_id", "userName", "password") values (98, 19, 'ksullensi', 'Ny79knqnsTx');
insert into "SIGNIN" ("signin_id", "user_id", "userName", "password") values (99, 5, 'ldonald4', 'jxBcRCol');
insert into "SIGNIN" ("signin_id", "user_id", "userName", "password") values (100, 4, 'hduthie3', 'wRTWPxyHftQY');



-- Fake data for EVENTS
insert into "EVENTS" ("events_id", "mentor_id", "student_id", "startDate", "endDate") values (1, 16, 13, '2021-07-15', '2021-07-14');
insert into "EVENTS" ("events_id", "mentor_id", "student_id", "startDate", "endDate") values (2, 11, 22, '2021-12-28', '2021-07-28');
insert into "EVENTS" ("events_id", "mentor_id", "student_id", "startDate", "endDate") values (3, 7, 17, '2021-07-26', '2021-07-21');
insert into "EVENTS" ("events_id", "mentor_id", "student_id", "startDate", "endDate") values (4, 2, 13, '2021-07-30', '2021-09-06');
insert into "EVENTS" ("events_id", "mentor_id", "student_id", "startDate", "endDate") values (5, 18, 21, '2022-07-06', '2021-11-17');
insert into "EVENTS" ("events_id", "mentor_id", "student_id", "startDate", "endDate") values (6, 6, 21, '2022-03-26', '2022-04-04');
insert into "EVENTS" ("events_id", "mentor_id", "student_id", "startDate", "endDate") values (7, 8, 1, '2022-04-02', '2022-03-16');
insert into "EVENTS" ("events_id", "mentor_id", "student_id", "startDate", "endDate") values (8, 14, 25, '2022-07-13', '2021-11-13');
insert into "EVENTS" ("events_id", "mentor_id", "student_id", "startDate", "endDate") values (9, 18, 14, '2021-12-29', '2022-04-06');
insert into "EVENTS" ("events_id", "mentor_id", "student_id", "startDate", "endDate") values (10, 15, 12, '2021-12-24', '2022-01-09');
insert into "EVENTS" ("events_id", "mentor_id", "student_id", "startDate", "endDate") values (11, 19, 9, '2022-04-01', '2022-03-06');
insert into "EVENTS" ("events_id", "mentor_id", "student_id", "startDate", "endDate") values (12, 13, 6, '2022-06-05', '2022-01-22');
insert into "EVENTS" ("events_id", "mentor_id", "student_id", "startDate", "endDate") values (13, 3, 5, '2021-11-21', '2021-12-22');
insert into "EVENTS" ("events_id", "mentor_id", "student_id", "startDate", "endDate") values (14, 14, 21, '2022-04-24', '2022-02-14');
insert into "EVENTS" ("events_id", "mentor_id", "student_id", "startDate", "endDate") values (15, 9, 12, '2022-01-27', '2022-03-05');
insert into "EVENTS" ("events_id", "mentor_id", "student_id", "startDate", "endDate") values (16, 6, 5, '2022-01-02', '2022-07-07');
insert into "EVENTS" ("events_id", "mentor_id", "student_id", "startDate", "endDate") values (17, 18, 9, '2022-02-20', '2022-03-06');
insert into "EVENTS" ("events_id", "mentor_id", "student_id", "startDate", "endDate") values (18, 5, 3, '2022-05-12', '2021-12-04');
insert into "EVENTS" ("events_id", "mentor_id", "student_id", "startDate", "endDate") values (19, 6, 22, '2022-03-15', '2021-07-31');
insert into "EVENTS" ("events_id", "mentor_id", "student_id", "startDate", "endDate") values (20, 11, 19, '2022-04-03', '2022-07-06');
insert into "EVENTS" ("events_id", "mentor_id", "student_id", "startDate", "endDate") values (21, 4, 5, '2022-02-11', '2022-01-20');
insert into "EVENTS" ("events_id", "mentor_id", "student_id", "startDate", "endDate") values (22, 7, 16, '2022-02-15', '2021-11-22');
insert into "EVENTS" ("events_id", "mentor_id", "student_id", "startDate", "endDate") values (23, 18, 14, '2022-02-19', '2021-08-11');
insert into "EVENTS" ("events_id", "mentor_id", "student_id", "startDate", "endDate") values (24, 19, 10, '2021-11-23', '2021-12-23');
insert into "EVENTS" ("events_id", "mentor_id", "student_id", "startDate", "endDate") values (25, 10, 25, '2022-01-28', '2022-04-16');
insert into "EVENTS" ("events_id", "mentor_id", "student_id", "startDate", "endDate") values (26, 3, 7, '2021-09-16', '2022-07-12');
insert into "EVENTS" ("events_id", "mentor_id", "student_id", "startDate", "endDate") values (27, 11, 19, '2022-02-11', '2021-10-28');
insert into "EVENTS" ("events_id", "mentor_id", "student_id", "startDate", "endDate") values (28, 9, 19, '2021-07-24', '2021-06-28');
insert into "EVENTS" ("events_id", "mentor_id", "student_id", "startDate", "endDate") values (29, 9, 12, '2021-07-29', '2022-02-09');
insert into "EVENTS" ("events_id", "mentor_id", "student_id", "startDate", "endDate") values (30, 20, 11, '2021-07-10', '2022-01-31');
insert into "EVENTS" ("events_id", "mentor_id", "student_id", "startDate", "endDate") values (31, 16, 14, '2022-04-01', '2022-03-26');
insert into "EVENTS" ("events_id", "mentor_id", "student_id", "startDate", "endDate") values (32, 6, 6, '2021-08-05', '2021-09-19');
insert into "EVENTS" ("events_id", "mentor_id", "student_id", "startDate", "endDate") values (33, 5, 19, '2022-07-23', '2022-06-02');
insert into "EVENTS" ("events_id", "mentor_id", "student_id", "startDate", "endDate") values (34, 11, 5, '2021-08-24', '2021-08-07');
insert into "EVENTS" ("events_id", "mentor_id", "student_id", "startDate", "endDate") values (35, 12, 6, '2022-04-30', '2021-11-06');



-- Fake data for CALENDAR
insert into "CALENDAR" ("calendar_id", "user_id", "assignedDate", "startDate", "endDate") values (1, 25, '2022-06-10', '2021-06-26', '2022-07-30');
insert into "CALENDAR" ("calendar_id", "user_id", "assignedDate", "startDate", "endDate") values (2, 24, '2021-12-08', '2021-11-02', '2022-05-05');
insert into "CALENDAR" ("calendar_id", "user_id", "assignedDate", "startDate", "endDate") values (3, 15, '2021-06-25', '2022-03-31', '2021-10-28');
insert into "CALENDAR" ("calendar_id", "user_id", "assignedDate", "startDate", "endDate") values (4, 15, '2022-04-02', '2022-06-22', '2022-07-06');
insert into "CALENDAR" ("calendar_id", "user_id", "assignedDate", "startDate", "endDate") values (5, 18, '2022-04-23', '2022-05-13', '2021-08-25');
insert into "CALENDAR" ("calendar_id", "user_id", "assignedDate", "startDate", "endDate") values (6, 15, '2022-06-15', '2021-06-28', '2022-03-16');
insert into "CALENDAR" ("calendar_id", "user_id", "assignedDate", "startDate", "endDate") values (7, 18, '2021-10-10', '2021-08-11', '2021-11-15');
insert into "CALENDAR" ("calendar_id", "user_id", "assignedDate", "startDate", "endDate") values (8, 18, '2021-08-20', '2021-09-28', '2021-09-15');
insert into "CALENDAR" ("calendar_id", "user_id", "assignedDate", "startDate", "endDate") values (9, 14, '2021-08-21', '2022-04-24', '2021-07-29');
insert into "CALENDAR" ("calendar_id", "user_id", "assignedDate", "startDate", "endDate") values (10, 15, '2022-03-05', '2022-05-18', '2022-03-14');
insert into "CALENDAR" ("calendar_id", "user_id", "assignedDate", "startDate", "endDate") values (11, 15, '2021-09-20', '2022-02-28', '2022-05-14');
insert into "CALENDAR" ("calendar_id", "user_id", "assignedDate", "startDate", "endDate") values (12, 8, '2021-07-11', '2022-06-11', '2021-07-15');
insert into "CALENDAR" ("calendar_id", "user_id", "assignedDate", "startDate", "endDate") values (13, 5, '2021-12-27', '2022-06-11', '2021-11-22');
insert into "CALENDAR" ("calendar_id", "user_id", "assignedDate", "startDate", "endDate") values (14, 8, '2021-09-02', '2022-02-01', '2022-03-05');
insert into "CALENDAR" ("calendar_id", "user_id", "assignedDate", "startDate", "endDate") values (15, 24, '2021-10-26', '2021-07-12', '2022-02-16');
insert into "CALENDAR" ("calendar_id", "user_id", "assignedDate", "startDate", "endDate") values (16, 18, '2022-03-03', '2022-03-17', '2022-04-16');
insert into "CALENDAR" ("calendar_id", "user_id", "assignedDate", "startDate", "endDate") values (17, 10, '2021-11-06', '2021-12-28', '2022-07-30');
insert into "CALENDAR" ("calendar_id", "user_id", "assignedDate", "startDate", "endDate") values (18, 15, '2021-06-02', '2021-08-20', '2022-04-21');
insert into "CALENDAR" ("calendar_id", "user_id", "assignedDate", "startDate", "endDate") values (19, 14, '2021-12-08', '2022-03-30', '2022-04-29');
insert into "CALENDAR" ("calendar_id", "user_id", "assignedDate", "startDate", "endDate") values (20, 18, '2022-03-19', '2021-11-27', '2021-09-01');
insert into "CALENDAR" ("calendar_id", "user_id", "assignedDate", "startDate", "endDate") values (21, 24, '2021-06-03', '2022-02-27', '2022-07-28');
insert into "CALENDAR" ("calendar_id", "user_id", "assignedDate", "startDate", "endDate") values (22, 4, '2021-11-24', '2022-04-27', '2022-03-12');
insert into "CALENDAR" ("calendar_id", "user_id", "assignedDate", "startDate", "endDate") values (23, 5, '2022-02-17', '2021-07-24', '2021-11-12');
insert into "CALENDAR" ("calendar_id", "user_id", "assignedDate", "startDate", "endDate") values (24, 8, '2021-10-20', '2021-08-10', '2021-10-21');
insert into "CALENDAR" ("calendar_id", "user_id", "assignedDate", "startDate", "endDate") values (25, 22, '2021-12-15', '2022-06-22', '2021-12-07');
insert into "CALENDAR" ("calendar_id", "user_id", "assignedDate", "startDate", "endDate") values (26, 14, '2022-02-05', '2021-07-28', '2022-07-28');
insert into "CALENDAR" ("calendar_id", "user_id", "assignedDate", "startDate", "endDate") values (27, 15, '2021-08-31', '2021-07-20', '2022-01-23');
insert into "CALENDAR" ("calendar_id", "user_id", "assignedDate", "startDate", "endDate") values (28, 5, '2022-04-05', '2022-04-14', '2021-12-01');
insert into "CALENDAR" ("calendar_id", "user_id", "assignedDate", "startDate", "endDate") values (29, 21, '2021-08-15', '2022-05-31', '2022-02-09');
insert into "CALENDAR" ("calendar_id", "user_id", "assignedDate", "startDate", "endDate") values (30, 14, '2021-08-19', '2022-03-05', '2022-07-25');
insert into "CALENDAR" ("calendar_id", "user_id", "assignedDate", "startDate", "endDate") values (31, 18, '2021-09-02', '2022-03-14', '2022-07-15');
insert into "CALENDAR" ("calendar_id", "user_id", "assignedDate", "startDate", "endDate") values (32, 14, '2022-05-03', '2022-03-16', '2022-08-07');
insert into "CALENDAR" ("calendar_id", "user_id", "assignedDate", "startDate", "endDate") values (33, 18, '2022-03-22', '2021-08-12', '2022-02-22');
insert into "CALENDAR" ("calendar_id", "user_id", "assignedDate", "startDate", "endDate") values (34, 4, '2021-07-05', '2022-01-28', '2022-02-19');
insert into "CALENDAR" ("calendar_id", "user_id", "assignedDate", "startDate", "endDate") values (35, 10, '2022-02-11', '2022-02-02', '2022-06-09');
insert into "CALENDAR" ("calendar_id", "user_id", "assignedDate", "startDate", "endDate") values (36, 13, '2022-04-20', '2022-05-20', '2022-03-06');
insert into "CALENDAR" ("calendar_id", "user_id", "assignedDate", "startDate", "endDate") values (37, 4, '2022-05-23', '2022-04-28', '2021-11-04');
insert into "CALENDAR" ("calendar_id", "user_id", "assignedDate", "startDate", "endDate") values (38, 21, '2022-05-13', '2022-03-13', '2022-03-05');
insert into "CALENDAR" ("calendar_id", "user_id", "assignedDate", "startDate", "endDate") values (39, 22, '2021-10-30', '2022-03-21', '2022-07-26');
insert into "CALENDAR" ("calendar_id", "user_id", "assignedDate", "startDate", "endDate") values (40, 8, '2022-01-12', '2022-03-01', '2022-08-03');
